/*
Navicat MySQL Data Transfer

Source Server         : localhost
Source Server Version : 50515
Source Host           : localhost:3306
Source Database       : vmall

Target Server Type    : MYSQL
Target Server Version : 50515
File Encoding         : 65001

Date: 2018-03-29 20:32:19
*/

SET FOREIGN_KEY_CHECKS=0;

-- ----------------------------
-- Table structure for `ci_sessions`
-- ----------------------------
DROP TABLE IF EXISTS `ci_sessions`;
CREATE TABLE `ci_sessions` (
  `id` varchar(128) NOT NULL,
  `ip_address` varchar(45) NOT NULL,
  `timestamp` int(10) unsigned NOT NULL DEFAULT '0',
  `data` blob NOT NULL,
  PRIMARY KEY (`id`),
  KEY `ci_sessions_timestamp` (`timestamp`)
) ENGINE=InnoDB DEFAULT CHARSET=utf8;

-- ----------------------------
-- Records of ci_sessions
-- ----------------------------
INSERT INTO `ci_sessions` VALUES ('1c9mfh2a5v8num0kfv4lv78llk6kjd4g', '127.0.0.1', '1522321397', 0x5F5F63695F6C6173745F726567656E65726174657C693A313532323332313331333B6D6269647C733A31303A2238393834323832303233223B6E616D657C733A31333A22544545204348454E472057414E223B67656E6465727C733A313A224D223B61646472657373317C733A34323A224E4F203536322C2042415455203520312F322C2053554E4741492047554C414E47202D47554C414E472C223B7A6970636F64657C733A353A223435353030223B636974797C733A31343A2254414E4A4F4E47204B4152414E47223B73746174657C733A313A2242223B636F756E7472797C733A323A224D59223B70686F6E657C733A31313A223630313639393236323430223B656D61696C7C733A32303A226368656E6777616E333940676D61696C2E636F6D223B69736D65726368616E747C733A313A2259223B);
INSERT INTO `ci_sessions` VALUES ('5fasihspqrmiv9h7huufnhqm11aaqp8n', '127.0.0.1', '1522311278', 0x5F5F63695F6C6173745F726567656E65726174657C693A313532323331313033303B);
INSERT INTO `ci_sessions` VALUES ('74ue1rq0u3uptlhrj3asms5uaqpfpg0a', '127.0.0.1', '1522320996', 0x5F5F63695F6C6173745F726567656E65726174657C693A313532323332303937393B6D6269647C733A31303A2238393834323832303233223B6E616D657C733A31333A22544545204348454E472057414E223B67656E6465727C733A313A224D223B61646472657373317C733A34323A224E4F203536322C2042415455203520312F322C2053554E4741492047554C414E47202D47554C414E472C223B7A6970636F64657C733A353A223435353030223B636974797C733A31343A2254414E4A4F4E47204B4152414E47223B73746174657C733A313A2242223B636F756E7472797C733A323A224D59223B70686F6E657C733A31313A223630313639393236323430223B656D61696C7C733A32303A226368656E6777616E333940676D61696C2E636F6D223B69736D65726368616E747C733A313A2259223B);
INSERT INTO `ci_sessions` VALUES ('82p6hpfbl3ea7q68gh8aq4nfmhqqcsn5', '127.0.0.1', '1522322055', 0x5F5F63695F6C6173745F726567656E65726174657C693A313532323332313837323B6D6269647C733A31303A2238393834323832303233223B6E616D657C733A31333A22544545204348454E472057414E223B67656E6465727C733A313A224D223B61646472657373317C733A34323A224E4F203536322C2042415455203520312F322C2053554E4741492047554C414E47202D47554C414E472C223B7A6970636F64657C733A353A223435353030223B636974797C733A31343A2254414E4A4F4E47204B4152414E47223B73746174657C733A313A2242223B636F756E7472797C733A323A224D59223B70686F6E657C733A31313A223630313639393236323430223B656D61696C7C733A32303A226368656E6777616E333940676D61696C2E636F6D223B69736D65726368616E747C733A313A2259223B);
INSERT INTO `ci_sessions` VALUES ('bf0huld9qv2tmadb1o9g194s5f65iiu2', '127.0.0.1', '1522320576', 0x5F5F63695F6C6173745F726567656E65726174657C693A313532323332303435383B6D6269647C733A31303A2238393834323832303233223B6E616D657C733A31333A22544545204348454E472057414E223B67656E6465727C733A313A224D223B61646472657373317C733A34323A224E4F203536322C2042415455203520312F322C2053554E4741492047554C414E47202D47554C414E472C223B7A6970636F64657C733A353A223435353030223B636974797C733A31343A2254414E4A4F4E47204B4152414E47223B73746174657C733A313A2242223B636F756E7472797C733A323A224D59223B70686F6E657C733A31313A223630313639393236323430223B656D61696C7C733A32303A226368656E6777616E333940676D61696C2E636F6D223B69736D65726368616E747C733A313A2259223B);
INSERT INTO `ci_sessions` VALUES ('ci9q1sv2assu037o6bcr5jfi7lis0a8h', '127.0.0.1', '1522313695', 0x5F5F63695F6C6173745F726567656E65726174657C693A313532323331333433353B6D6269647C733A31303A2238393834323832303233223B6E616D657C733A31333A22544545204348454E472057414E223B67656E6465727C733A313A224D223B61646472657373317C733A34323A224E4F203536322C2042415455203520312F322C2053554E4741492047554C414E47202D47554C414E472C223B7A6970636F64657C733A353A223435353030223B636974797C733A31343A2254414E4A4F4E47204B4152414E47223B73746174657C733A313A2242223B636F756E7472797C733A323A224D59223B70686F6E657C733A31313A223630313639393236323430223B656D61696C7C733A32303A226368656E6777616E333940676D61696C2E636F6D223B69736D65726368616E747C733A313A2259223B);
INSERT INTO `ci_sessions` VALUES ('cki8vfbm25ad4b9miulnetodf0mudsam', '127.0.0.1', '1522315319', 0x5F5F63695F6C6173745F726567656E65726174657C693A313532323331353134393B6D6269647C733A31303A2231363230363139383237223B6E616D657C733A31323A225445452042454E47204B4545223B67656E6465727C733A313A224D223B61646472657373317C733A34303A224E4F2E3434302C2054494E474B415420322C204A414C414E2054554E2044522E2049534D41494C2C223B7A6970636F64657C733A353A223730323030223B636974797C733A383A22534552454D42414E223B73746174657C733A313A224E223B636F756E7472797C733A323A224D59223B70686F6E657C733A31313A223630313933383135373135223B656D61696C7C733A32333A22766963746F727465653930303540676D61696C2E636F6D223B69736D65726368616E747C733A313A224E223B);
INSERT INTO `ci_sessions` VALUES ('e6oad95vfe2bf64588t900fcbukvb7vs', '127.0.0.1', '1522325265', 0x5F5F63695F6C6173745F726567656E65726174657C693A313532323332353038383B6D6269647C733A31303A2238393834323832303233223B6E616D657C733A31333A22544545204348454E472057414E223B67656E6465727C733A313A224D223B61646472657373317C733A34323A224E4F203536322C2042415455203520312F322C2053554E4741492047554C414E47202D47554C414E472C223B7A6970636F64657C733A353A223435353030223B636974797C733A31343A2254414E4A4F4E47204B4152414E47223B73746174657C733A313A2242223B636F756E7472797C733A323A224D59223B70686F6E657C733A31313A223630313639393236323430223B656D61696C7C733A32303A226368656E6777616E333940676D61696C2E636F6D223B69736D65726368616E747C733A313A2259223B);
INSERT INTO `ci_sessions` VALUES ('f44uf70vg5utpm8r8a8au90sn084lfcj', '127.0.0.1', '1522313183', 0x5F5F63695F6C6173745F726567656E65726174657C693A313532323331323939393B6D6269647C733A31303A2231363230363139383237223B6E616D657C733A31323A225445452042454E47204B4545223B67656E6465727C733A313A224D223B61646472657373317C733A34303A224E4F2E3434302C2054494E474B415420322C204A414C414E2054554E2044522E2049534D41494C2C223B7A6970636F64657C733A353A223730323030223B636974797C733A383A22534552454D42414E223B73746174657C733A313A224E223B636F756E7472797C733A323A224D59223B70686F6E657C733A31313A223630313933383135373135223B656D61696C7C733A32333A22766963746F727465653930303540676D61696C2E636F6D223B69736D65726368616E747C733A313A224E223B);
INSERT INTO `ci_sessions` VALUES ('f7aegdt5hs3shgmnoi9sfgpjfc19q8sq', '127.0.0.1', '1522314448', 0x5F5F63695F6C6173745F726567656E65726174657C693A313532323331343431333B6D6269647C733A31303A2238393834323832303233223B6E616D657C733A31333A22544545204348454E472057414E223B67656E6465727C733A313A224D223B61646472657373317C733A34323A224E4F203536322C2042415455203520312F322C2053554E4741492047554C414E47202D47554C414E472C223B7A6970636F64657C733A353A223435353030223B636974797C733A31343A2254414E4A4F4E47204B4152414E47223B73746174657C733A313A2242223B636F756E7472797C733A323A224D59223B70686F6E657C733A31313A223630313639393236323430223B656D61696C7C733A32303A226368656E6777616E333940676D61696C2E636F6D223B69736D65726368616E747C733A313A2259223B);
INSERT INTO `ci_sessions` VALUES ('f8dgt2gml2na0tgg4ntdremko2g2h5fl', '127.0.0.1', '1522316687', 0x5F5F63695F6C6173745F726567656E65726174657C693A313532323331363435303B6D6269647C733A31303A2231363230363139383237223B6E616D657C733A31323A225445452042454E47204B4545223B67656E6465727C733A313A224D223B61646472657373317C733A34303A224E4F2E3434302C2054494E474B415420322C204A414C414E2054554E2044522E2049534D41494C2C223B7A6970636F64657C733A353A223730323030223B636974797C733A383A22534552454D42414E223B73746174657C733A313A224E223B636F756E7472797C733A323A224D59223B70686F6E657C733A31313A223630313933383135373135223B656D61696C7C733A32333A22766963746F727465653930303540676D61696C2E636F6D223B69736D65726368616E747C733A313A224E223B);
INSERT INTO `ci_sessions` VALUES ('fhh9ph7drbl003vv514mmpsqec9n9ma4', '127.0.0.1', '1522325987', 0x5F5F63695F6C6173745F726567656E65726174657C693A313532323332353735353B6D6269647C733A31303A2231363230363139383237223B6E616D657C733A31323A225445452042454E47204B4545223B67656E6465727C733A313A224D223B61646472657373317C733A34303A224E4F2E3434302C2054494E474B415420322C204A414C414E2054554E2044522E2049534D41494C2C223B7A6970636F64657C733A353A223730323030223B636974797C733A383A22534552454D42414E223B73746174657C733A313A224E223B636F756E7472797C733A323A224D59223B70686F6E657C733A31313A223630313933383135373135223B656D61696C7C733A32333A22766963746F727465653930303540676D61696C2E636F6D223B69736D65726368616E747C733A313A224E223B);
INSERT INTO `ci_sessions` VALUES ('ga2lq2u47bd8597cgf0jd248fp7ec1br', '127.0.0.1', '1522319502', 0x5F5F63695F6C6173745F726567656E65726174657C693A313532323331393339353B6D6269647C733A31303A2231363230363139383237223B6E616D657C733A31323A225445452042454E47204B4545223B67656E6465727C733A313A224D223B61646472657373317C733A34303A224E4F2E3434302C2054494E474B415420322C204A414C414E2054554E2044522E2049534D41494C2C223B7A6970636F64657C733A353A223730323030223B636974797C733A383A22534552454D42414E223B73746174657C733A313A224E223B636F756E7472797C733A323A224D59223B70686F6E657C733A31313A223630313933383135373135223B656D61696C7C733A32333A22766963746F727465653930303540676D61696C2E636F6D223B69736D65726368616E747C733A313A224E223B);
INSERT INTO `ci_sessions` VALUES ('hlkmg6s52nq3fgphda8gjhfb2c0hd9p6', '127.0.0.1', '1517932211', 0x5F5F63695F6C6173745F726567656E65726174657C693A313531373933323231313B);
INSERT INTO `ci_sessions` VALUES ('hvgfns02kv044korcela55sabk2k5orn', '127.0.0.1', '1522311381', 0x5F5F63695F6C6173745F726567656E65726174657C693A313532323331313337303B);
INSERT INTO `ci_sessions` VALUES ('i7ubve3e9d500nrdk0m7a4cl8sqv401i', '127.0.0.1', '1522319786', 0x5F5F63695F6C6173745F726567656E65726174657C693A313532323331393738363B6D6269647C733A31303A2231363230363139383237223B6E616D657C733A31323A225445452042454E47204B4545223B67656E6465727C733A313A224D223B61646472657373317C733A34303A224E4F2E3434302C2054494E474B415420322C204A414C414E2054554E2044522E2049534D41494C2C223B7A6970636F64657C733A353A223730323030223B636974797C733A383A22534552454D42414E223B73746174657C733A313A224E223B636F756E7472797C733A323A224D59223B70686F6E657C733A31313A223630313933383135373135223B656D61696C7C733A32333A22766963746F727465653930303540676D61696C2E636F6D223B69736D65726368616E747C733A313A224E223B);
INSERT INTO `ci_sessions` VALUES ('io5eip7gvtrgvgmapef08qnddiqr0fbc', '127.0.0.1', '1522312399', 0x5F5F63695F6C6173745F726567656E65726174657C693A313532323331323337303B);
INSERT INTO `ci_sessions` VALUES ('jhtmm9rk76314upbnp40dqj0ed0kt3tl', '127.0.0.1', '1522312971', 0x5F5F63695F6C6173745F726567656E65726174657C693A313532323331323638393B);
INSERT INTO `ci_sessions` VALUES ('jkc6iigbu57g8bbor8591efnhis13fni', '127.0.0.1', '1522312167', 0x5F5F63695F6C6173745F726567656E65726174657C693A313532323331323036363B);
INSERT INTO `ci_sessions` VALUES ('mbch3lukjh1d55s9uo1mkqrkv78etd6u', '127.0.0.1', '1522326216', 0x5F5F63695F6C6173745F726567656E65726174657C693A313532323332363037323B6D6269647C733A31303A2231363230363139383237223B6E616D657C733A31323A225445452042454E47204B4545223B67656E6465727C733A313A224D223B61646472657373317C733A34303A224E4F2E3434302C2054494E474B415420322C204A414C414E2054554E2044522E2049534D41494C2C223B7A6970636F64657C733A353A223730323030223B636974797C733A383A22534552454D42414E223B73746174657C733A313A224E223B636F756E7472797C733A323A224D59223B70686F6E657C733A31313A223630313933383135373135223B656D61696C7C733A32333A22766963746F727465653930303540676D61696C2E636F6D223B69736D65726368616E747C733A313A224E223B);
INSERT INTO `ci_sessions` VALUES ('oqe71k6lgs22lo4q5745srrq04t1qtp5', '127.0.0.1', '1522324581', 0x5F5F63695F6C6173745F726567656E65726174657C693A313532323332343537323B6D6269647C733A31303A2238393834323832303233223B6E616D657C733A31333A22544545204348454E472057414E223B67656E6465727C733A313A224D223B61646472657373317C733A34323A224E4F203536322C2042415455203520312F322C2053554E4741492047554C414E47202D47554C414E472C223B7A6970636F64657C733A353A223435353030223B636974797C733A31343A2254414E4A4F4E47204B4152414E47223B73746174657C733A313A2242223B636F756E7472797C733A323A224D59223B70686F6E657C733A31313A223630313639393236323430223B656D61696C7C733A32303A226368656E6777616E333940676D61696C2E636F6D223B69736D65726368616E747C733A313A2259223B);
INSERT INTO `ci_sessions` VALUES ('r20ver6rf9upe9qbeurnjpks6ovqpsrb', '127.0.0.1', '1522325748', 0x5F5F63695F6C6173745F726567656E65726174657C693A313532323332353434393B6D6269647C733A31303A2231363230363139383237223B6E616D657C733A31323A225445452042454E47204B4545223B67656E6465727C733A313A224D223B61646472657373317C733A34303A224E4F2E3434302C2054494E474B415420322C204A414C414E2054554E2044522E2049534D41494C2C223B7A6970636F64657C733A353A223730323030223B636974797C733A383A22534552454D42414E223B73746174657C733A313A224E223B636F756E7472797C733A323A224D59223B70686F6E657C733A31313A223630313933383135373135223B656D61696C7C733A32333A22766963746F727465653930303540676D61696C2E636F6D223B69736D65726368616E747C733A313A224E223B);
INSERT INTO `ci_sessions` VALUES ('rmt2pugstkmndlukfsc644miccr3b7l5', '127.0.0.1', '1517932270', 0x5F5F63695F6C6173745F726567656E65726174657C693A313531373933323237303B);
INSERT INTO `ci_sessions` VALUES ('sfvo55f7vc6e5ko86m7l11rn3pn0ggne', '127.0.0.1', '1522324420', 0x5F5F63695F6C6173745F726567656E65726174657C693A313532323332343230343B6D6269647C733A31303A2238393834323832303233223B6E616D657C733A31333A22544545204348454E472057414E223B67656E6465727C733A313A224D223B61646472657373317C733A34323A224E4F203536322C2042415455203520312F322C2053554E4741492047554C414E47202D47554C414E472C223B7A6970636F64657C733A353A223435353030223B636974797C733A31343A2254414E4A4F4E47204B4152414E47223B73746174657C733A313A2242223B636F756E7472797C733A323A224D59223B70686F6E657C733A31313A223630313639393236323430223B656D61696C7C733A32303A226368656E6777616E333940676D61696C2E636F6D223B69736D65726368616E747C733A313A2259223B);
INSERT INTO `ci_sessions` VALUES ('sk3aoh2e2k122vumtpl6kivib3siks7a', '127.0.0.1', '1522314847', 0x5F5F63695F6C6173745F726567656E65726174657C693A313532323331343831363B6D6269647C733A31303A2238393834323832303233223B6E616D657C733A31333A22544545204348454E472057414E223B67656E6465727C733A313A224D223B61646472657373317C733A34323A224E4F203536322C2042415455203520312F322C2053554E4741492047554C414E47202D47554C414E472C223B7A6970636F64657C733A353A223435353030223B636974797C733A31343A2254414E4A4F4E47204B4152414E47223B73746174657C733A313A2242223B636F756E7472797C733A323A224D59223B70686F6E657C733A31313A223630313639393236323430223B656D61696C7C733A32303A226368656E6777616E333940676D61696C2E636F6D223B69736D65726368616E747C733A313A2259223B);
INSERT INTO `ci_sessions` VALUES ('utekfn6kjtbvh0746tjq43h0i725odqj', '127.0.0.1', '1522317177', 0x5F5F63695F6C6173745F726567656E65726174657C693A313532323331373037363B6D6269647C733A31303A2231363230363139383237223B6E616D657C733A31323A225445452042454E47204B4545223B67656E6465727C733A313A224D223B61646472657373317C733A34303A224E4F2E3434302C2054494E474B415420322C204A414C414E2054554E2044522E2049534D41494C2C223B7A6970636F64657C733A353A223730323030223B636974797C733A383A22534552454D42414E223B73746174657C733A313A224E223B636F756E7472797C733A323A224D59223B70686F6E657C733A31313A223630313933383135373135223B656D61696C7C733A32333A22766963746F727465653930303540676D61696C2E636F6D223B69736D65726368616E747C733A313A224E223B);

-- ----------------------------
-- Table structure for `member`
-- ----------------------------
DROP TABLE IF EXISTS `member`;
CREATE TABLE `member` (
  `mbid` varchar(20) DEFAULT 'mbid(rbs)',
  `username` varchar(50) NOT NULL COMMENT 'username',
  `name` varchar(30) DEFAULT NULL COMMENT 'member name',
  `phone` varchar(20) DEFAULT NULL COMMENT 'phone',
  `email` varchar(50) DEFAULT NULL COMMENT 'email',
  `birthday` date DEFAULT NULL,
  `gender` varchar(10) DEFAULT NULL,
  `zipcode` int(8) DEFAULT NULL,
  `country` varchar(30) DEFAULT NULL,
  `city` varchar(30) DEFAULT NULL,
  `state` varchar(30) DEFAULT NULL,
  `address1` varchar(50) DEFAULT NULL,
  `address2` varchar(50) DEFAULT NULL,
  `status` tinyint(4) DEFAULT NULL,
  `rb_id` bigint(11) DEFAULT NULL COMMENT 'rbs_id',
  `ismerchant` char(2) CHARACTER SET utf8 COLLATE utf8_bin DEFAULT NULL,
  UNIQUE KEY `member_mid` (`mbid`) USING BTREE
) ENGINE=InnoDB DEFAULT CHARSET=utf8 COMMENT='members';

-- ----------------------------
-- Records of member
-- ----------------------------
INSERT INTO `member` VALUES ('1620619827', '', 'TEE BENG KEE', '60193815715', 'victortee9005@gmail.com', null, 'M', '70200', 'MY', 'SEREMBAN', 'N', 'NO.440, TINGKAT 2, JALAN TUN DR. ISMAIL,', null, null, null, 'N');
INSERT INTO `member` VALUES ('8984282023', '', 'TEE CHENG WAN', '60169926240', 'chengwan39@gmail.com', null, 'M', '45500', 'MY', 'TANJONG KARANG', 'B', 'NO 562, BATU 5 1/2, SUNGAI GULANG -GULANG,', null, null, null, 'Y');
INSERT INTO `member` VALUES ('0604148724', '', 'CHUA SIAN DEN', '60122012894', 'sianden@hotmail.com', null, 'M', '13455', 'MY', '-', 'B', '-', null, null, null, 'Y');

-- ----------------------------
-- Table structure for `merchant`
-- ----------------------------
DROP TABLE IF EXISTS `merchant`;
CREATE TABLE `merchant` (
  `merchant_id` bigint(11) NOT NULL AUTO_INCREMENT,
  `shop_name` varchar(30) DEFAULT NULL,
  `merchant_type` tinyint(4) DEFAULT '0',
  `status` tinyint(4) DEFAULT '0',
  PRIMARY KEY (`merchant_id`)
) ENGINE=InnoDB DEFAULT CHARSET=utf8 COMMENT='merchant';

-- ----------------------------
-- Records of merchant
-- ----------------------------

-- ----------------------------
-- Table structure for `merchant_debtor`
-- ----------------------------
DROP TABLE IF EXISTS `merchant_debtor`;
CREATE TABLE `merchant_debtor` (
  `debtor_id` bigint(11) NOT NULL,
  `balance` decimal(12,2) DEFAULT '0.00',
  `credit` decimal(12,2) DEFAULT '0.00',
  `debit` decimal(12,2) DEFAULT '0.00',
  `merchant_id` bigint(11) DEFAULT NULL,
  `debtor_source` varchar(20) DEFAULT NULL,
  `timestamp` timestamp NULL DEFAULT NULL,
  PRIMARY KEY (`debtor_id`)
) ENGINE=InnoDB DEFAULT CHARSET=utf8 COMMENT='merchant_debtor';

-- ----------------------------
-- Records of merchant_debtor
-- ----------------------------

-- ----------------------------
-- Table structure for `merchant_deposit`
-- ----------------------------
DROP TABLE IF EXISTS `merchant_deposit`;
CREATE TABLE `merchant_deposit` (
  `deposit_id` bigint(11) NOT NULL AUTO_INCREMENT,
  `balance` decimal(12,2) DEFAULT '0.00',
  `credit` decimal(12,2) DEFAULT '0.00',
  `debit` decimal(12,2) DEFAULT '0.00',
  `merchant_id` bigint(11) DEFAULT NULL,
  `reference_id` bigint(11) DEFAULT NULL,
  `reference_source` varchar(20) DEFAULT NULL,
  `timestamp` timestamp NULL DEFAULT NULL,
  PRIMARY KEY (`deposit_id`)
) ENGINE=InnoDB DEFAULT CHARSET=utf8 COMMENT='merchant_deposit';

-- ----------------------------
-- Records of merchant_deposit
-- ----------------------------

-- ----------------------------
-- Table structure for `merchant_track`
-- ----------------------------
DROP TABLE IF EXISTS `merchant_track`;
CREATE TABLE `merchant_track` (
  `merchant_track_id` bigint(11) NOT NULL AUTO_INCREMENT,
  `member_id` bigint(11) DEFAULT NULL,
  `merchant_id` bigint(11) DEFAULT NULL,
  PRIMARY KEY (`merchant_track_id`)
) ENGINE=InnoDB DEFAULT CHARSET=utf8 COMMENT='merchant_track';

-- ----------------------------
-- Records of merchant_track
-- ----------------------------

-- ----------------------------
-- Table structure for `notification`
-- ----------------------------
DROP TABLE IF EXISTS `notification`;
CREATE TABLE `notification` (
  `notification_id` bigint(20) NOT NULL AUTO_INCREMENT,
  `mbid` varchar(50) DEFAULT NULL,
  `title` varchar(50) DEFAULT NULL,
  `content` varchar(255) DEFAULT NULL,
  `create_timestamp` datetime DEFAULT NULL,
  `isread` tinyint(1) DEFAULT '0' COMMENT '0 unread 1read',
  `transaction_id` bigint(11) DEFAULT NULL,
  PRIMARY KEY (`notification_id`)
) ENGINE=InnoDB AUTO_INCREMENT=9 DEFAULT CHARSET=utf8;

-- ----------------------------
-- Records of notification
-- ----------------------------
INSERT INTO `notification` VALUES ('2', '8984282023', 'user pay', 'TEE BENG KEE paid RM160', '2018-03-29 18:31:42', '0', '6');
INSERT INTO `notification` VALUES ('3', '0604148724', 'user pay', 'TEE CHENG WAN paid RM100', '2018-03-29 20:11:59', '0', '7');
INSERT INTO `notification` VALUES ('4', '8984282023', 'already paid', 'CHUA SIAN DEN confirmed your pay, RM100.00', '2018-03-29 20:15:09', '0', '7');
INSERT INTO `notification` VALUES ('5', '0604148724', 'user pay', 'TEE BENG KEE paid RM100', '2018-03-29 20:19:24', '0', '8');
INSERT INTO `notification` VALUES ('6', '1620619827', 'already paid', 'TEE BENG KEE confirmed your pay, RM100.00', '2018-03-29 20:19:47', '0', '8');
INSERT INTO `notification` VALUES ('7', '0604148724', 'user pay', 'TEE BENG KEE paid RM90', '2018-03-29 20:21:24', '0', '9');
INSERT INTO `notification` VALUES ('8', '1620619827', 'already paid', 'CHUA SIAN DEN confirmed your pay, RM90.00', '2018-03-29 20:23:04', '0', '9');

-- ----------------------------
-- Table structure for `rb_track`
-- ----------------------------
DROP TABLE IF EXISTS `rb_track`;
CREATE TABLE `rb_track` (
  `rb_id` bigint(11) NOT NULL AUTO_INCREMENT,
  `balance` decimal(12,2) DEFAULT '0.00',
  `credit` decimal(12,2) DEFAULT '0.00',
  `debit` decimal(12,2) DEFAULT '0.00',
  `member_id` bigint(11) DEFAULT NULL,
  `status` tinyint(4) DEFAULT NULL,
  `create_timestamp` timestamp NULL DEFAULT NULL,
  PRIMARY KEY (`rb_id`)
) ENGINE=InnoDB DEFAULT CHARSET=utf8 COMMENT='rb_track';

-- ----------------------------
-- Records of rb_track
-- ----------------------------

-- ----------------------------
-- Table structure for `transaction`
-- ----------------------------
DROP TABLE IF EXISTS `transaction`;
CREATE TABLE `transaction` (
  `transaction_id` bigint(11) NOT NULL AUTO_INCREMENT,
  `total` decimal(12,2) DEFAULT '0.00' COMMENT 'order total amount',
  `cash` decimal(12,2) DEFAULT '0.00',
  `epoint` decimal(12,2) DEFAULT '0.00',
  `voucher` decimal(12,2) DEFAULT '0.00',
  `member_id` varchar(20) DEFAULT NULL,
  `merchant_id` varchar(20) DEFAULT NULL,
  `remark` varchar(100) DEFAULT NULL,
  `trans_no` char(20) DEFAULT NULL,
  `create_timestamp` timestamp NULL DEFAULT NULL,
  `update_timestamp` timestamp NULL DEFAULT NULL,
  `status` tinyint(4) DEFAULT NULL COMMENT '0 pending 1confirmed',
  PRIMARY KEY (`transaction_id`)
) ENGINE=InnoDB AUTO_INCREMENT=10 DEFAULT CHARSET=utf8 COMMENT='transaction';

-- ----------------------------
-- Records of transaction
-- ----------------------------
INSERT INTO `transaction` VALUES ('6', '160.00', '60.00', '0.00', '100.00', '1620619827', '8984282023', null, '6098b2335abcc08e0826', '2018-03-29 18:31:42', null, '1');
INSERT INTO `transaction` VALUES ('7', '100.00', '60.00', '0.00', '40.00', '8984282023', '0604148724', null, '7fffffff5abcd80f5308', '2018-03-29 20:11:59', null, '1');
INSERT INTO `transaction` VALUES ('8', '100.00', '60.00', '0.00', '40.00', '1620619827', '0604148724', null, '6098b2335abcd9cc2144', '2018-03-29 20:19:24', null, '1');
INSERT INTO `transaction` VALUES ('9', '90.00', '60.00', '0.00', '30.00', '1620619827', '0604148724', null, '6098b2335abcda449319', '2018-03-29 20:21:24', null, '1');

-- ----------------------------
-- Table structure for `voucher`
-- ----------------------------
DROP TABLE IF EXISTS `voucher`;
CREATE TABLE `voucher` (
  `voucher_id` bigint(11) NOT NULL,
  `transaction_id` bigint(11) DEFAULT NULL,
  PRIMARY KEY (`voucher_id`)
) ENGINE=InnoDB DEFAULT CHARSET=utf8 COMMENT='voucher';

-- ----------------------------
-- Records of voucher
-- ----------------------------
INSERT INTO `voucher` VALUES ('110', '110');
